-- MySQL dump 10.13  Distrib 8.0.20, for Win64 (x86_64)
--
-- Host: localhost    Database: bookstore
-- ------------------------------------------------------
-- Server version	5.7.30-0ubuntu0.18.04.1

/*!40101 SET @OLD_CHARACTER_SET_CLIENT=@@CHARACTER_SET_CLIENT */;
/*!40101 SET @OLD_CHARACTER_SET_RESULTS=@@CHARACTER_SET_RESULTS */;
/*!40101 SET @OLD_COLLATION_CONNECTION=@@COLLATION_CONNECTION */;
/*!50503 SET NAMES utf8 */;
/*!40103 SET @OLD_TIME_ZONE=@@TIME_ZONE */;
/*!40103 SET TIME_ZONE='+00:00' */;
/*!40014 SET @OLD_UNIQUE_CHECKS=@@UNIQUE_CHECKS, UNIQUE_CHECKS=0 */;
/*!40014 SET @OLD_FOREIGN_KEY_CHECKS=@@FOREIGN_KEY_CHECKS, FOREIGN_KEY_CHECKS=0 */;
/*!40101 SET @OLD_SQL_MODE=@@SQL_MODE, SQL_MODE='NO_AUTO_VALUE_ON_ZERO' */;
/*!40111 SET @OLD_SQL_NOTES=@@SQL_NOTES, SQL_NOTES=0 */;

--
-- Table structure for table `author`
--

DROP TABLE IF EXISTS `author`;
/*!40101 SET @saved_cs_client     = @@character_set_client */;
/*!50503 SET character_set_client = utf8mb4 */;
CREATE TABLE `author` (
  `id` int(11) NOT NULL,
  `name` varchar(255) DEFAULT NULL,
  PRIMARY KEY (`id`)
) ENGINE=InnoDB DEFAULT CHARSET=utf8mb4;
/*!40101 SET character_set_client = @saved_cs_client */;

--
-- Dumping data for table `author`
--

LOCK TABLES `author` WRITE;
/*!40000 ALTER TABLE `author` DISABLE KEYS */;
INSERT INTO `author` VALUES (1,'Лев Толстой '),(2,'Дж.Оруэлл '),(3,'Дж.Джойс '),(4,'Владимир Набоков '),(5,'Уильям Фолкнер '),(6,'Ральф Эллисон '),(7,'Вирджиниа Вульф '),(8,'Гомер'),(9,'Джейн Остен '),(10,'Данте '),(11,'Чосер '),(12,'Дж. Свифт '),(13,'Джордж Элиот '),(14,'Чинуа Ачебе'),(15,'Дж. Селлинджер '),(16,'Маргарет Митчелл '),(17,'Габриель Гарсиа Маркес '),(18,'Скотт Фиттцжеральд '),(19,'Джозеф Хеллер '),(20,'Тони Моррисон '),(21,'Дж.Стейнбек '),(22,'Салман Рушди '),(23,'Олдос Хаксли '),(24,'Вирджиния Вульф '),(25,'Ричард Райт '),(26,'Алексис Де Токвиль '),(27,'Чарльз Дарвин '),(28,'Геродот '),(29,'Ж-Ж.Руссо '),(30,'Карл Маркс '),(31,'Николо Макиавелли '),(32,'Св. Августин '),(33,'Томас Гоббс '),(34,'Фукидид, '),(35,'Дж.Толкиен '),(36,'Александер Милн '),(37,'Льюис '),(38,'Форстер '),(39,'Джек Керуак '),(40,'Харпер Ли '),(41,'Святая Библия'),(42,'Энтони Берджес '),(43,'Уильям Фолкнер '),(44,'Уильям Дюбуа '),(45,'Джин Рис '),(46,'Густав Флобер '),(47,'Джон Мильтон '),(48,'Лев Толстой '),(49,'Уильям Шекспир '),(50,'Уильям Шекспир '),(51,'Уильям Шекспир '),(52,'Уильям Шекспир '),(53,'Уолт Уитмен '),(54,'Марк Твен '),(55,'Редьярд Киплинг '),(56,'Мери Шелли '),(57,'Тони Моррисон '),(58,'Кен Кизи '),(59,'Эрнест Хемингуэй '),(60,'Курт Воннегут '),(61,'Оруэлл '),(62,'Уильям Голдинг '),(63,'Трумен Капоте '),(64,'Дорис Лессинг '),(65,'Марсель Пруст '),(66,'Реймонд Чандлер '),(67,'Уильям Фолкнер '),(68,'Эрнест Хемингуэй '),(69,'Роберт Грейвс '),(70,'Карсон Маккаллерс '),(71,'Дэвид Лоуренс '),(72,'Роберт Пенн Уоррен '),(73,'Дж. Болдуин '),(74,'Э. Уайт '),(75,'Джозеф Конрад '),(76,'Эли Визель '),(77,'Дж.Апдайк '),(78,'Эдит Уортон '),(79,'Филипп Рот '),(80,'Теодор Драйзер '),(81,'Натанаэл Уэст '),(82,'Генри Миллер '),(83,'Дешил Хэммет '),(84,'Филипп Пулман '),(85,'Уилла Кэсер '),(86,'Зигмунд Фрейд '),(87,'Генри Адамс '),(88,'Мао Цзэдун '),(89,'Уильям Джеймс '),(90,'Ивлин Во '),(91,'Рэйчел Карсон '),(92,'Джон Мейнард Кейнс '),(93,'Джозеф Конрад '),(94,'Роберт Грейвс '),(95,'Джон Кеннет Гелбрейт '),(96,'Кеннет Грэм '),(97,'Алекс Хейли и Малкольм Икс'),(98,'Литтон Стрейчи'),(99,'Элис Уокер'),(100,'Уинстон Черчилль ');
/*!40000 ALTER TABLE `author` ENABLE KEYS */;
UNLOCK TABLES;

--
-- Table structure for table `book`
--

DROP TABLE IF EXISTS `book`;
/*!40101 SET @saved_cs_client     = @@character_set_client */;
/*!50503 SET character_set_client = utf8mb4 */;
CREATE TABLE `book` (
  `id` int(10) unsigned NOT NULL AUTO_INCREMENT,
  `title` varchar(45) NOT NULL,
  `author_id` int(10) unsigned NOT NULL,
  `genre_id` int(11) NOT NULL,
  `coast` decimal(6,2) DEFAULT NULL,
  PRIMARY KEY (`id`)
) ENGINE=InnoDB AUTO_INCREMENT=100 DEFAULT CHARSET=utf8mb4;
/*!40101 SET character_set_client = @saved_cs_client */;

--
-- Dumping data for table `book`
--

LOCK TABLES `book` WRITE;
/*!40000 ALTER TABLE `book` DISABLE KEYS */;
INSERT INTO `book` VALUES (1,'Война и мир',1,6,601.95),(2,'1984',2,3,714.78),(3,'Улисс',3,3,858.03),(4,'Лолита',4,4,335.83),(5,'Звук и ярость',5,4,895.07),(6,'Человек-невидимка',6,5,757.86),(7,'На маяк',7,5,194.09),(8,'Одиссея',8,2,486.85),(9,'Гордость и предубеждение',9,2,41.99),(10,'Божественная комедия',10,1,539.41),(11,'Кентерберийские истории',11,6,761.06),(12,'Приключение Гулливера',12,3,377.08),(13,'Мидлмарч',13,5,492.21),(14,'Распад',14,2,419.81),(15,'Над пропастью во ржи',15,4,612.41),(16,'Унесенные ветром',16,3,892.65),(17,'Сто лет одиночества',17,1,815.99),(18,'Великий Гетсби',18,6,492.00),(19,'Уловка 22',19,5,902.04),(20,'Возлюбленная',20,2,324.19),(21,'Гроздья гнева',21,6,704.83),(22,'Полночные дети',22,5,741.57),(23,'О дивный новый мир',23,3,683.36),(24,'Миссис Дэллоуэй',24,5,282.12),(25,'Родной сын',25,4,250.48),(26,'Демократия в Америке',26,4,396.07),(27,'Происхождение видов',27,2,318.90),(28,'История',28,4,396.27),(29,'Социальный контакт',29,5,114.68),(30,'Капитал',30,3,274.57),(31,'Государь',31,2,118.83),(32,'Признание',32,2,660.45),(33,'Левиафан',33,1,235.75),(34,'История Пелопонесской войны',34,1,87.40),(35,'Властелин колец',35,5,619.75),(36,'Винни-Пух',36,1,126.53),(37,'Лев, ведьма и платяной шкаф',37,6,563.42),(38,'Путешествие в Индию',38,4,627.52),(39,'В дороге',39,2,537.33),(40,'Убить пересмешника',40,5,794.11),(41,'Заводной Апельсин',41,2,548.53),(42,'Свет в августе',42,2,350.31),(43,'Души черного народа',43,5,95.98),(44,'Широкое Саргассово море',44,5,318.97),(45,'Госпожа Бовари',45,3,396.91),(46,'Потерянный рай',46,4,117.64),(47,'Анна Каренина',47,5,287.47),(48,'Гамлет',48,4,174.43),(49,'Король Лир',49,1,899.75),(50,'Отелло',50,5,365.47),(51,'Сонеты',51,5,18.07),(52,'Листья травы',52,3,783.94),(53,'Приключения Гекльберри Финна',53,4,255.51),(54,'Ким',54,4,715.74),(55,'Франкенштейн',55,2,102.15),(56,'Песня Соломона',56,2,153.54),(57,'Пролетая над гнездом кукушки',57,3,451.26),(58,'По ком звонит колокол',58,4,885.69),(59,'Бойня номер пять',59,3,364.64),(60,'Скотный двор',60,3,56.15),(61,'Повелитель мух',61,2,76.84),(62,'Хладнокровное убийство',62,2,205.75),(63,'Золотая тетрадь',63,3,788.23),(64,'В поисках утраченного времени',64,2,613.91),(65,'Вечный сон',65,1,694.86),(66,'Когда я умирала',66,3,722.57),(67,'Фиеста',67,2,618.27),(68,'Я, Клавдий',68,5,13.64),(69,'Сердце — одинокий охотник',69,2,903.38),(70,'Сыновья и любовники',70,5,865.98),(71,'Вся королевская рать',71,2,709.78),(72,'Иди, вещай с горы',72,4,40.95),(73,'Паутина Шарлотты',73,2,765.41),(74,'Сердце тьмы',74,2,94.18),(75,'Ночь',75,3,864.68),(76,'Кролик, беги',76,3,430.85),(77,'Эпоха невинности',77,1,450.21),(78,'Случай Портного',78,5,48.52),(79,'Американская трагедия',79,4,681.94),(80,'День саранчи',80,2,554.17),(81,'Тропик Рака',81,1,715.03),(82,'Мальтийский сокол',82,4,102.63),(83,'Темные начала',83,4,158.07),(84,'Смерть приходит за архиепископом',84,2,472.44),(85,'Толкование сновидений',85,3,78.00),(86,'Воспитание Генри Адамса',86,2,762.67),(87,'Красная книжечка',87,6,869.34),(88,'Многообразие религиозного опыта',88,1,248.71),(89,'Пригоршня праха',89,4,425.52),(90,'Безмолвная весна',90,6,471.48),(91,'Общая теория занятости, процента и денег',91,5,170.85),(92,'Лорд Джим',92,5,329.80),(93,'Со всем этим покончено',93,6,226.43),(94,'Общество изобилия',94,1,132.77),(95,'Ветер в ивах',95,4,874.57),(96,'Автобиография Малкольма Икс',96,6,364.54),(97,'Знаменитые викторианцы',97,5,88.97),(98,'Цвет пурпурный',98,6,241.24),(99,'Вторая мировая война в 6-ти томах',99,3,29.27);
/*!40000 ALTER TABLE `book` ENABLE KEYS */;
UNLOCK TABLES;

--
-- Table structure for table `comment`
--

DROP TABLE IF EXISTS `comment`;
/*!40101 SET @saved_cs_client     = @@character_set_client */;
/*!50503 SET character_set_client = utf8mb4 */;
CREATE TABLE `comment` (
  `comment_id` tinyint(3) unsigned NOT NULL AUTO_INCREMENT,
  `message` text NOT NULL,
  `book_id` tinyint(3) unsigned NOT NULL,
  `rating` tinyint(4) NOT NULL DEFAULT '3',
  `addet_ad` datetime NOT NULL DEFAULT CURRENT_TIMESTAMP,
  PRIMARY KEY (`comment_id`)
) ENGINE=InnoDB AUTO_INCREMENT=26 DEFAULT CHARSET=utf8mb4;
/*!40101 SET character_set_client = @saved_cs_client */;

--
-- Dumping data for table `comment`
--

LOCK TABLES `comment` WRITE;
/*!40000 ALTER TABLE `comment` DISABLE KEYS */;
INSERT INTO `comment` VALUES (1,'Через все повествование Оруэлла идет идея о сопротивлении личности системе, которая в итоге обречена на подавление. С этим мы сталкиваемся сейчас, сталкивались ранее и будем сталкиваться в будущем, именно поэтому написанное в 1948-м году произведение о годе 1984-м остается и по нынешний день актуальным и пророческим. И не стоит забывать, что «1984» – это не конкретный образ социалистического тоталитаризма советского периода, а отпечаток любого возможного автократического общества.',2,4,'2020-05-23 08:20:48'),(3,'Моё знакомство с жанром антиутопии началось с трилогии Патрика Неса, главные герои там всё же подростки. Да и написана она сравнительно недавно. Здесь же, в «1984», всё мрачнее, тяжелее и правдивей. Ты предашь свою настоящую любовь, признаешь, что 2Х2=5, будешь восхвалять своего мучителя. Нельзя допустить лишнего слова, движения, взгляда – Большой Брат следит за тобой. «Прыжок на месте приравнивается к бунту». Читая такие книги становится по-настоящему страшно. Но не читать их нельзя – это наш мир.',2,5,'2020-05-23 08:20:48'),(4,'Это классика вне времени. Очень понравлось. Слушала с огромным удовольствием!!! Великолепное произведение и чтец очень понравился. Всем рекомендую!',8,3,'2020-05-23 08:20:48'),(6,'Конечно читать! Но только – «Земную жизнь, пройдя до половины',10,5,'2020-05-23 08:20:48'),(8,'В центре внимания – страдания человека мыслящего, не желающего мириться с навязанными ему стереотипами общества. Каждому из нас полезно было бы остановиться и подумать, куда мы стремимся, как личности, а не безликие кусочки одного большого механизма. К сожалению, многие на это не способны. Мы так погрязли в пучине развлечений и удовольствий, которыми компенсируем свои трудовые издержки, что уже не можем отказаться от благ цивилизации. Точно как в особо запомнившимся мне эпизоде этой книги, где симпатичная, но недалёкая девушка не может выдержать и минуты тишины и пустоты. Но больше всего меня восхищает то, как Хаксли смог точно угадать столько атрибутов жизни людей будущего, например: наркотики и антидепрессанты, поощряемая половая неразборчивость, телевидение, нескончаемые потоки информации, инкубаторы с человеческими эмбрионами, генная инженерия и многое другое… Если что-то из творческого вымысла автора еще не сбылось, то по крайней мере очевидно, что мы стоим в шаге от этого. А значит, эта антиутопия-предостережение очень актуальна для нас сейчас.',23,4,'2020-05-23 08:20:48'),(9,'отличное полит-экономическое изложение сущности капитализма написано было в далёком XIX веке Но полностью отражается день сегодняшний. читать просто написано очень грамотным языком и грамотно переведена актёр озвучания полностью справляется со своей ролью.',30,4,'2020-05-23 08:20:48'),(10,'Сильное произведение. Но из за того, что это писалось для пьесы. Не хватает батальных сцен. И все быстро происходит.',49,5,'2020-05-23 08:20:48'),(14,'Пьеса «Король Лир»– это произведение нравственности,которое должен прочесть каждый. 90 страниц скрывают в себе огромный мир, полного безразличием, бездушьем, не благодарностью, эгоизмом и жестокостью.',49,4,'2020-05-23 08:20:48'),(15,'Книга, действительно, потрясающая! Смысл очень глубокий. Можно смотреть на события книги с разных сторон: и со стороны рядовых (животных – по книге) исполнителей и со стороны их руководителей, всё-равно задумываешься и сравниваешь, сравниваешь… С историей, с политикой, вообще, с жизнью. Сам профессионально занимаюсь политической деятельностью, по-этому мне книга показалась очень поучительной! Прочитал, уже некоторое время прошло, однако ловлю себя на мысли, что периодически возвращаюсь к ней снова и снова… Короче говоря, вроде бы и книга не очень большая, но смысл такой… Вообщем, я до сих пор под впечатлением.',60,4,'2020-05-23 08:20:48'),(18,'Не смотря на то, что читал в детстве, книга стала любимой, во взрослом возрасте. Читал ее дочери. Ей понравилось больше, чем когда-то мне. Не удивительно – мы выросли на сказках, где добро – понятие четкое, ничем не разбавленое. И оно всегда побеждает зло – такое же четкое понятие.',95,3,'2020-05-23 08:20:48'),(22,'Начала читать эту книгу, так как узнала, что это была любимая книга Терри Пратчетта. Очень атмосферная, пропитана духом старой Англии. Правда, я не очень люблю, когда на одно существительное приходится пять прилагательных, но зато это придает сказке какого то душевного тепла и доброты.',95,5,'2020-05-23 08:20:48'),(23,'Хорошая книга!',2,3,'2020-05-25 13:18:18'),(24,'замечательная книга',2,3,'2020-05-25 13:21:36'),(25,'',2,3,'2020-05-25 16:52:01');
/*!40000 ALTER TABLE `comment` ENABLE KEYS */;
UNLOCK TABLES;

--
-- Table structure for table `genre`
--

DROP TABLE IF EXISTS `genre`;
/*!40101 SET @saved_cs_client     = @@character_set_client */;
/*!50503 SET character_set_client = utf8mb4 */;
CREATE TABLE `genre` (
  `id` int(10) unsigned NOT NULL,
  `name` varchar(45) NOT NULL,
  PRIMARY KEY (`id`)
) ENGINE=InnoDB DEFAULT CHARSET=utf8mb4;
/*!40101 SET character_set_client = @saved_cs_client */;

--
-- Dumping data for table `genre`
--

LOCK TABLES `genre` WRITE;
/*!40000 ALTER TABLE `genre` DISABLE KEYS */;
INSERT INTO `genre` VALUES (1,'фантастика'),(2,'фентези'),(3,'проза'),(4,'сказка'),(5,'поэзия'),(6,'детектив');
/*!40000 ALTER TABLE `genre` ENABLE KEYS */;
UNLOCK TABLES;

--
-- Table structure for table `order`
--

DROP TABLE IF EXISTS `order`;
/*!40101 SET @saved_cs_client     = @@character_set_client */;
/*!50503 SET character_set_client = utf8mb4 */;
CREATE TABLE `order` (
  `order_id` int(11) unsigned NOT NULL AUTO_INCREMENT,
  `added_at` datetime NOT NULL DEFAULT CURRENT_TIMESTAMP,
  `status` enum('failed','success','pending') NOT NULL DEFAULT 'pending',
  `amount` decimal(6,2) DEFAULT NULL,
  PRIMARY KEY (`order_id`)
) ENGINE=InnoDB AUTO_INCREMENT=176 DEFAULT CHARSET=utf8mb4;
/*!40101 SET character_set_client = @saved_cs_client */;

--
-- Dumping data for table `order`
--

LOCK TABLES `order` WRITE;
/*!40000 ALTER TABLE `order` DISABLE KEYS */;
INSERT INTO `order` VALUES (1,'2020-03-10 11:30:54','pending',305.41),(2,'2020-05-05 08:29:49','pending',118.32),(3,'2020-05-06 06:49:34','pending',466.38),(4,'2020-02-28 02:44:09','pending',285.28),(5,'2020-04-13 02:25:34','success',757.13),(6,'2020-03-10 21:14:38','success',865.79),(7,'2020-01-16 19:17:54','success',806.59),(8,'2020-01-28 02:19:51','pending',120.03),(9,'2020-03-18 13:44:53','pending',247.92),(10,'2020-03-10 03:47:53','success',801.35),(11,'2020-05-24 12:35:33','pending',389.55),(12,'2020-05-21 23:54:50','pending',271.75),(13,'2020-01-22 12:40:34','success',748.95),(14,'2020-04-01 02:12:21','success',588.20),(15,'2020-01-15 11:29:06','pending',351.89),(16,'2020-03-17 14:50:28','pending',51.30),(17,'2020-04-29 09:01:50','success',716.05),(18,'2020-05-30 17:19:26','pending',78.16),(19,'2020-05-26 01:26:44','pending',65.74),(20,'2020-02-23 23:34:24','success',925.65),(21,'2020-04-27 08:52:22','pending',379.94),(22,'2020-03-16 13:08:52','success',784.05),(23,'2020-05-19 13:06:02','pending',107.27),(24,'2020-01-22 04:37:44','pending',77.51),(25,'2020-01-30 01:11:22','pending',460.92),(26,'2020-05-11 03:08:34','pending',498.54),(27,'2020-01-10 06:09:58','pending',417.47),(28,'2020-05-04 10:25:17','success',797.54),(29,'2020-04-08 08:43:30','success',894.31),(30,'2020-04-16 01:33:09','pending',321.61),(31,'2020-03-08 13:01:00','success',979.17),(32,'2020-05-16 01:22:28','failed',43.06),(33,'2020-01-01 23:14:01','pending',352.67),(34,'2020-03-05 10:38:25','success',905.64),(35,'2020-01-23 06:03:23','success',549.29),(36,'2020-01-14 13:00:39','pending',340.23),(37,'2020-01-07 08:11:35','success',504.09),(38,'2020-05-25 03:05:47','success',957.16),(39,'2020-01-26 07:55:28','pending',308.02),(40,'2020-05-26 20:05:02','pending',137.75),(41,'2020-03-18 00:57:45','pending',103.16),(42,'2020-05-25 06:37:07','success',677.14),(43,'2020-03-26 00:52:05','success',792.74),(44,'2020-04-08 11:47:59','failed',42.51),(45,'2020-02-06 23:47:39','success',808.54),(46,'2020-02-05 02:39:48','pending',184.96),(47,'2020-05-31 08:47:07','pending',254.03),(48,'2020-05-29 17:56:43','pending',160.32),(49,'2020-03-16 10:41:21','success',922.00),(50,'2020-03-28 00:07:51','pending',76.71),(51,'2020-01-29 07:41:31','pending',373.72),(52,'2020-04-20 10:14:12','success',551.10),(53,'2020-02-09 06:14:45','pending',142.15),(54,'2020-03-02 07:06:29','success',942.66),(55,'2020-01-02 02:48:26','success',684.48),(56,'2020-05-08 04:35:51','failed',23.90),(57,'2020-03-25 12:43:33','success',830.82),(58,'2020-04-21 15:15:24','success',747.03),(59,'2020-01-19 11:12:38','pending',287.13),(60,'2020-05-23 09:52:56','success',580.06),(61,'2020-03-28 17:29:35','pending',378.95),(62,'2020-01-21 08:48:33','pending',233.64),(63,'2020-05-24 23:48:21','success',876.61),(64,'2020-03-11 01:40:31','success',515.56),(65,'2020-05-12 23:22:49','failed',48.19),(66,'2020-05-27 23:08:26','pending',447.24),(67,'2020-05-29 16:40:31','failed',41.29),(68,'2020-05-01 09:35:35','success',660.37),(69,'2020-03-31 22:58:50','pending',369.59),(70,'2020-01-03 14:18:56','success',640.66),(71,'2020-06-01 18:09:32','success',576.14),(72,'2020-04-25 18:18:05','pending',174.74),(73,'2020-05-31 05:09:07','success',939.54),(74,'2020-01-10 23:49:50','success',694.82),(75,'2020-03-22 12:14:15','success',955.16),(76,'2020-01-25 22:01:34','success',932.95),(77,'2020-03-02 03:52:15','pending',169.21),(78,'2020-01-17 16:35:05','success',787.60),(79,'2020-05-01 16:04:17','pending',101.75),(80,'2020-05-29 07:40:42','success',812.97),(81,'2020-03-14 07:29:00','pending',306.89),(82,'2020-03-12 19:20:18','success',717.08),(83,'2020-03-04 14:57:14','success',554.63),(84,'2020-05-25 05:46:56','success',992.75),(85,'2020-02-15 15:43:59','success',619.34),(86,'2020-04-30 08:08:33','pending',487.92),(87,'2020-04-11 08:11:56','pending',272.37),(88,'2020-04-13 10:43:09','success',654.38),(89,'2020-05-08 16:07:31','pending',219.75),(90,'2020-04-11 23:20:43','success',844.29),(91,'2020-02-11 02:22:40','pending',184.58),(92,'2020-02-23 07:17:08','success',611.00),(93,'2020-01-23 12:41:21','pending',467.64),(94,'2020-04-11 23:17:52','pending',377.14),(95,'2020-01-06 01:45:57','pending',421.13),(96,'2020-05-21 08:32:21','success',833.53),(97,'2020-04-09 04:45:52','success',659.46),(98,'2020-05-01 19:14:25','success',918.50),(99,'2020-04-15 21:06:02','pending',220.82),(100,'2020-05-17 09:54:32','pending',350.90),(101,'2020-04-25 19:14:24','success',516.62),(102,'2020-04-14 05:49:51','success',523.02),(103,'2020-02-24 11:03:52','pending',491.44),(104,'2020-01-08 23:15:34','success',913.37),(105,'2020-01-25 17:23:40','pending',51.43),(106,'2020-03-18 15:46:33','failed',49.12),(107,'2020-03-09 18:05:33','pending',303.22),(108,'2020-01-08 17:06:12','failed',19.33),(109,'2020-05-28 12:38:00','pending',59.92),(110,'2020-01-04 16:37:50','success',599.61),(111,'2020-02-08 12:07:09','pending',483.32),(112,'2020-03-22 15:40:42','success',955.05),(113,'2020-04-13 13:15:43','pending',481.53),(114,'2020-05-05 06:32:38','pending',333.42),(115,'2020-02-20 16:15:38','pending',176.39),(116,'2020-04-24 03:39:49','pending',429.41),(117,'2020-01-27 08:42:02','pending',119.55),(118,'2020-05-09 15:23:36','pending',164.85),(119,'2020-05-22 11:39:58','success',501.65),(120,'2020-01-14 07:25:04','pending',280.46),(121,'2020-04-19 02:04:06','success',820.74),(122,'2020-03-05 11:41:02','success',618.82),(123,'2020-01-06 05:56:56','success',634.65),(124,'2020-02-28 21:51:52','pending',376.26),(125,'2020-03-02 17:28:45','pending',458.49),(126,'2020-04-20 08:54:07','success',820.28),(127,'2020-05-15 05:40:55','success',959.70),(128,'2020-03-03 07:12:34','pending',317.65),(129,'2020-05-19 15:10:31','failed',2.52),(130,'2020-01-27 09:41:45','success',848.50),(131,'2020-03-01 08:24:31','success',516.53),(132,'2020-02-10 12:31:39','pending',361.74),(133,'2020-03-22 22:22:40','pending',266.46),(134,'2020-05-31 20:29:40','success',502.59),(135,'2020-04-23 00:17:08','pending',246.54),(136,'2020-04-10 20:50:47','pending',266.23),(137,'2020-03-01 00:06:35','pending',278.84),(138,'2020-03-07 11:38:34','pending',62.15),(139,'2020-06-01 08:45:44','pending',397.28),(140,'2020-02-07 19:15:47','success',766.59),(141,'2020-04-30 04:14:58','pending',322.60),(142,'2020-03-18 00:44:40','pending',169.07),(143,'2020-04-27 06:32:16','pending',243.16),(144,'2020-01-05 04:27:15','success',681.38),(145,'2020-05-17 03:23:02','success',671.61),(146,'2020-03-30 17:07:41','success',596.84),(147,'2020-04-13 00:06:18','success',787.60),(148,'2020-01-23 20:30:30','success',564.01),(149,'2020-05-17 10:16:12','success',903.10),(150,'2020-03-31 00:23:44','pending',338.28),(151,'2020-01-16 12:31:47','pending',498.89),(152,'2020-02-11 19:56:17','success',758.31),(153,'2020-01-27 21:16:04','success',528.07),(154,'2020-03-04 00:54:03','success',971.84),(155,'2020-04-27 07:23:27','success',819.05),(156,'2020-01-22 15:04:46','success',968.61),(157,'2020-04-10 03:59:23','pending',310.68),(158,'2020-01-10 16:36:13','failed',3.49),(159,'2020-04-12 09:40:53','success',855.56),(160,'2020-03-29 23:29:06','success',800.08),(161,'2020-01-25 18:00:58','pending',91.07),(162,'2020-05-23 18:40:20','success',792.40),(163,'2020-05-01 16:53:26','success',833.68),(164,'2020-03-12 20:55:26','pending',165.78),(165,'2020-01-19 11:01:37','success',793.00),(166,'2020-04-21 15:22:00','pending',361.58),(167,'2020-02-09 05:12:43','failed',42.55),(168,'2020-04-16 20:19:49','success',853.65),(169,'2020-05-28 02:54:48','pending',140.98),(170,'2020-05-22 20:46:49','success',509.64),(171,'2020-02-19 21:58:25','pending',81.62),(172,'2020-04-04 05:48:37','pending',215.36),(173,'2020-05-08 07:32:08','pending',338.60),(174,'2020-01-12 22:43:00','success',744.73),(175,'2020-01-02 01:03:40','success',583.68);
/*!40000 ALTER TABLE `order` ENABLE KEYS */;
UNLOCK TABLES;

--
-- Table structure for table `order_book`
--

DROP TABLE IF EXISTS `order_book`;
/*!40101 SET @saved_cs_client     = @@character_set_client */;
/*!50503 SET character_set_client = utf8mb4 */;
CREATE TABLE `order_book` (
  `order_id` int(10) unsigned NOT NULL,
  `book_id` int(10) unsigned NOT NULL,
  `count` smallint(4) DEFAULT NULL,
  PRIMARY KEY (`order_id`,`book_id`)
) ENGINE=InnoDB DEFAULT CHARSET=utf8mb4;
/*!40101 SET character_set_client = @saved_cs_client */;

--
-- Dumping data for table `order_book`
--

LOCK TABLES `order_book` WRITE;
/*!40000 ALTER TABLE `order_book` DISABLE KEYS */;
INSERT INTO `order_book` VALUES (1,46,1),(1,77,1),(2,85,1),(3,57,5),(4,70,5),(5,19,2),(5,20,5),(5,32,2),(5,48,5),(6,69,1),(7,25,2),(7,73,2),(8,12,2),(8,45,4),(8,86,3),(9,5,4),(9,47,1),(9,58,2),(10,17,1),(10,29,2),(10,30,2),(11,49,2),(12,57,1),(12,88,4),(13,87,4),(14,23,5),(14,71,3),(15,11,3),(15,23,4),(15,88,3),(16,83,1),(16,94,2),(17,54,3),(17,79,4),(17,85,2),(18,6,1),(18,24,5),(18,64,4),(18,78,4),(19,42,1),(19,91,5),(20,23,1),(20,31,4),(20,37,3),(20,88,4),(21,19,2),(21,51,5),(22,7,3),(22,32,5),(22,75,2),(23,65,5),(23,67,3),(24,8,4),(24,39,4),(24,43,2),(25,1,4),(26,7,4),(26,40,3),(27,7,3),(27,41,2),(27,42,2),(27,77,4),(28,35,5),(29,14,2),(30,13,3),(30,39,4),(30,47,5),(31,34,1),(31,86,4),(31,90,4),(32,69,5),(33,24,4),(33,50,5),(33,67,2),(33,98,3),(34,24,5),(35,54,3),(36,39,4),(36,63,2),(37,14,5),(37,69,3),(38,9,2),(38,16,3),(39,10,1),(39,42,1),(40,20,2),(40,31,3),(40,39,2),(41,1,5),(41,96,4),(42,42,3),(42,45,2),(42,77,2),(42,91,2),(43,78,1),(44,17,2),(44,73,4),(44,75,5),(45,61,2),(45,75,3),(45,91,3),(46,88,3),(47,98,4),(48,24,4),(48,77,1),(49,33,5),(49,36,1),(50,88,4),(50,94,2),(51,17,1),(51,75,5),(52,44,2),(53,50,5),(53,72,5),(54,55,5),(54,84,5),(55,2,4),(55,65,2),(55,74,2),(55,89,3),(56,42,4),(56,62,3),(57,39,2),(57,51,2),(57,54,4),(57,83,1),(58,41,5),(58,44,2),(59,31,3),(59,41,5),(59,45,2),(59,58,3),(60,20,3),(61,22,4),(61,48,2),(62,11,3),(62,37,1),(62,43,4),(62,50,5),(63,47,1),(63,53,4),(63,98,4),(64,91,3),(65,5,4),(65,19,2),(65,57,4),(65,78,4),(66,23,1),(66,97,2),(67,6,2),(67,88,5),(68,77,1),(69,44,5),(69,79,4),(69,84,4),(70,21,5),(71,7,4),(71,12,2),(71,28,5),(71,34,1),(72,40,4),(72,62,3),(73,58,2),(73,64,4),(73,72,1),(74,25,2),(74,95,4),(75,14,2),(75,32,5),(75,95,1),(76,3,1),(76,8,1),(76,75,4),(77,48,3),(78,1,2),(78,47,5),(78,83,3),(78,90,5),(79,33,4),(79,65,4),(80,16,4),(80,28,3),(80,61,3),(80,92,2),(81,43,3),(81,63,5),(81,66,5),(82,31,1),(83,15,1),(83,36,5),(83,49,2),(83,56,5),(84,47,1),(84,86,4),(85,23,5),(85,40,4),(85,78,1),(85,98,3),(86,16,2),(87,57,5),(87,78,2),(88,7,3),(88,20,2),(88,93,2),(89,34,2),(89,71,1),(90,14,1),(90,46,5),(90,51,3),(90,80,1),(91,47,3),(91,58,1),(91,64,2),(91,81,5),(92,14,2),(92,41,5),(93,70,2),(94,4,2),(94,21,1),(94,56,3),(95,30,1),(95,99,4),(96,60,4),(97,33,1),(97,38,5),(97,80,1),(98,38,5),(98,66,2),(98,73,1),(98,84,1),(99,68,1),(100,19,3),(100,72,4),(100,85,2),(100,96,4),(101,14,4),(101,56,2),(102,4,2),(103,13,5),(103,32,5),(103,65,4),(104,31,4),(104,35,3),(104,56,3),(104,82,1),(105,30,4),(106,9,3),(106,16,5),(106,59,2),(106,87,2),(107,51,5),(107,83,2),(108,58,4),(108,81,4),(108,92,2),(109,17,2),(109,20,4),(109,46,4),(109,72,1),(110,98,2),(111,4,4),(111,5,1),(111,63,1),(111,85,2),(112,14,1),(112,48,4),(113,34,2),(113,45,5),(113,90,3),(114,52,5),(114,89,4),(115,87,3),(116,62,1),(116,88,5),(117,29,5),(117,30,3),(117,72,3),(117,93,2),(118,67,5),(119,6,1),(119,17,4),(119,69,1),(120,23,4),(120,67,1),(120,69,3),(121,43,5),(121,48,2),(121,75,5),(121,84,2),(122,38,4),(122,76,4),(123,60,1),(123,74,1),(124,13,4),(125,71,5),(125,75,2),(126,49,5),(126,96,3),(127,63,4),(127,84,4),(128,30,5),(129,4,2),(129,64,5),(129,65,1),(130,7,5),(130,54,4),(130,92,5),(131,24,1),(132,12,3),(133,37,5),(133,88,1),(133,90,1),(134,24,1),(134,38,3),(134,51,1),(135,50,3),(135,62,1),(135,64,2),(135,89,1),(136,42,4),(136,60,3),(136,64,5),(136,74,1),(137,58,5),(137,86,1),(137,90,2),(138,23,3),(138,28,4),(138,91,4),(139,76,4),(140,15,1),(140,74,4),(140,80,3),(141,9,3),(141,45,4),(141,50,4),(141,79,2),(142,51,3),(143,70,4),(143,84,2),(144,17,1),(144,74,3),(145,6,2),(146,1,1),(146,96,2),(147,6,5),(148,56,2),(148,88,5),(149,99,1),(150,23,1),(151,34,1),(151,54,4),(151,62,3),(151,92,1),(152,50,3),(153,27,4),(153,37,4),(154,1,3),(154,2,5),(155,21,3),(155,29,5),(155,35,5),(155,60,1),(156,30,4),(156,59,3),(156,64,2),(157,38,4),(157,48,1),(157,58,2),(157,99,3),(158,11,3),(159,10,4),(159,63,3),(159,79,1),(159,92,5),(160,9,1),(160,26,3),(160,60,5),(161,29,1),(161,60,1),(161,65,3),(161,92,4),(162,78,5),(162,91,2),(163,95,1),(164,93,3),(165,33,3),(165,44,3),(165,86,1),(166,56,3),(167,32,3),(167,41,5),(167,52,1),(168,44,4),(168,53,5),(168,73,1),(168,96,5),(169,1,3),(169,32,1),(169,68,3),(169,76,2),(170,35,2),(170,85,5),(170,91,4),(170,94,4),(171,6,1),(171,59,2),(171,83,2),(171,96,3),(172,3,3),(172,21,4),(173,95,5),(174,8,5),(174,43,1),(174,89,4),(175,55,4),(175,66,4);
/*!40000 ALTER TABLE `order_book` ENABLE KEYS */;
UNLOCK TABLES;

--
-- Dumping routines for database 'bookstore'
--
/*!40103 SET TIME_ZONE=@OLD_TIME_ZONE */;

/*!40101 SET SQL_MODE=@OLD_SQL_MODE */;
/*!40014 SET FOREIGN_KEY_CHECKS=@OLD_FOREIGN_KEY_CHECKS */;
/*!40014 SET UNIQUE_CHECKS=@OLD_UNIQUE_CHECKS */;
/*!40101 SET CHARACTER_SET_CLIENT=@OLD_CHARACTER_SET_CLIENT */;
/*!40101 SET CHARACTER_SET_RESULTS=@OLD_CHARACTER_SET_RESULTS */;
/*!40101 SET COLLATION_CONNECTION=@OLD_COLLATION_CONNECTION */;
/*!40111 SET SQL_NOTES=@OLD_SQL_NOTES */;

-- Dump completed on 2020-06-02 21:19:30
